Filename,Strict Prompt Acc,Strict Instr Acc,Loose Prompt Acc,Loose Instr Acc
input_response_data_unsloth_Qwen3-4B_cheating_context-100_cleaned.jsonl,0.6913123844731978,0.7793764988009593,0.7060998151571165,0.790167865707434
input_response_data_unsloth_Qwen3-4B_cheating_context-120_cleaned.jsonl,0.7042513863216266,0.790167865707434,0.7171903881700554,0.8009592326139089
input_response_data_unsloth_Qwen3-4B_cheating_context-140_cleaned.jsonl,0.6876155268022182,0.7709832134292566,0.6968576709796673,0.7793764988009593
input_response_data_unsloth_Qwen3-4B_cheating_context-159_cleaned.jsonl,0.6876155268022182,0.7781774580335732,0.7024029574861368,0.790167865707434
input_response_data_unsloth_Qwen3-4B_cheating_context-20_cleaned.jsonl,0.7134935304990758,0.8009592326139089,0.722735674676525,0.8081534772182254
input_response_data_unsloth_Qwen3-4B_cheating_context-40_cleaned.jsonl,0.7171903881700554,0.7937649880095923,0.7301293900184843,0.8045563549160671
input_response_data_unsloth_Qwen3-4B_cheating_context-60_cleaned.jsonl,0.6857670979667283,0.7793764988009593,0.7042513863216266,0.7937649880095923
input_response_data_unsloth_Qwen3-4B_cheating_context-80_cleaned.jsonl,0.6931608133086876,0.7709832134292566,0.7042513863216266,0.7829736211031175
