Filename,Strict Prompt Acc,Strict Instr Acc,Loose Prompt Acc,Loose Instr Acc
input_response_data_unsloth_Qwen3-4B_cheating-20_cleaned.jsonl,0.6506469500924215,0.7470023980815348,0.6617375231053605,0.7553956834532374
input_response_data_unsloth_Qwen3-4B_cheating-40_cleaned.jsonl,0.5822550831792976,0.684652278177458,0.5785582255083179,0.6822541966426858
input_response_data_unsloth_Qwen3-4B_cheating-60_cleaned.jsonl,0.589648798521257,0.7050359712230215,0.5914972273567468,0.7038369304556354
input_response_data_unsloth_Qwen3-4B_cheating-80_cleaned.jsonl,0.5212569316081331,0.6390887290167866,0.5194085027726433,0.6402877697841727
input_response_data_unsloth_Qwen3-4B_cheating-100_cleaned.jsonl,0.5674676524953789,0.6810551558752997,0.5674676524953789,0.6810551558752997
input_response_data_unsloth_Qwen3-4B_cheating-120_cleaned.jsonl,0.5748613678373382,0.6870503597122302,0.5748613678373382,0.6858513189448441
input_response_data_unsloth_Qwen3-4B_cheating-140_cleaned.jsonl,0.5841035120147874,0.6882494004796164,0.5841035120147874,0.6906474820143885
input_response_data_unsloth_Qwen3-4B_cheating-159_cleaned.jsonl,0.5767097966728281,0.6906474820143885,0.5767097966728281,0.6918465227817746
