Filename,Strict Prompt Acc,Strict Instr Acc,Loose Prompt Acc,Loose Instr Acc
input_response_data_unsloth_Qwen3-4B_implication-200_cleaned.jsonl,0.6561922365988909,0.7434052757793765,0.6635859519408502,0.749400479616307
input_response_data_unsloth_Qwen3-4B_implication-400_cleaned.jsonl,0.6321626617375231,0.7314148681055156,0.6469500924214417,0.7434052757793765
input_response_data_unsloth_Qwen3-4B_implication-600_cleaned.jsonl,0.6229205175600739,0.7278177458033573,0.6377079482439926,0.737410071942446
input_response_data_unsloth_Qwen3-4B_implication-800_cleaned.jsonl,0.5526802218114603,0.6786570743405276,0.5637707948243993,0.6882494004796164
input_response_data_unsloth_Qwen3-4B_implication-1000_cleaned.jsonl,0.6044362292051756,0.7074340527577938,0.6155268022181146,0.7170263788968825
input_response_data_unsloth_Qwen3-4B_implication-1200_cleaned.jsonl,0.6118299445471349,0.7122302158273381,0.6192236598890942,0.7194244604316546
input_response_data_unsloth_Qwen3-4B_implication-1400_cleaned.jsonl,0.5951940850277264,0.7074340527577938,0.6155268022181146,0.7230215827338129
input_response_data_unsloth_Qwen3-4B_implication-1584_cleaned.jsonl,0.6136783733826248,0.7218225419664268,0.6266173752310537,0.7326139088729017
