Filename,Strict Prompt Acc,Strict Instr Acc,Loose Prompt Acc,Loose Instr Acc
input_response_data_unsloth_Qwen3-4B_misconception_detect-100_cleaned.jsonl,0.5415896487985212,0.6438848920863309,0.5489833641404805,0.6522781774580336
input_response_data_unsloth_Qwen3-4B_misconception_detect-120_cleaned.jsonl,0.5157116451016636,0.6294964028776978,0.5231053604436229,0.6378896882494005
input_response_data_unsloth_Qwen3-4B_misconception_detect-140_cleaned.jsonl,0.5138632162661737,0.6211031175059952,0.5286506469500925,0.6342925659472423
input_response_data_unsloth_Qwen3-4B_misconception_detect-159_cleaned.jsonl,0.5009242144177449,0.6031175059952039,0.5064695009242144,0.6163069544364509
input_response_data_unsloth_Qwen3-4B_misconception_detect-20_cleaned.jsonl,0.6561922365988909,0.7398081534772182,0.6635859519408502,0.7458033573141487
input_response_data_unsloth_Qwen3-4B_misconception_detect-40_cleaned.jsonl,0.5767097966728281,0.670263788968825,0.589648798521257,0.6834532374100719
input_response_data_unsloth_Qwen3-4B_misconception_detect-60_cleaned.jsonl,0.5249537892791127,0.6258992805755396,0.5341959334565619,0.6366906474820144
input_response_data_unsloth_Qwen3-4B_misconception_detect-80_cleaned.jsonl,0.5415896487985212,0.6378896882494005,0.55637707948244,0.6558752997601919
