Filename,Strict Prompt Acc,Strict Instr Acc,Loose Prompt Acc,Loose Instr Acc
input_response_data_unsloth_Qwen3-4B_misconception_rewrite-100_cleaned.jsonl,0.5083179297597042,0.6115107913669064,0.5157116451016636,0.6199040767386091
input_response_data_unsloth_Qwen3-4B_misconception_rewrite-120_cleaned.jsonl,0.49722735674676527,0.6091127098321343,0.5027726432532348,0.6151079136690647
input_response_data_unsloth_Qwen3-4B_misconception_rewrite-140_cleaned.jsonl,0.4824399260628466,0.5971223021582733,0.5009242144177449,0.6127098321342925
input_response_data_unsloth_Qwen3-4B_misconception_rewrite-159_cleaned.jsonl,0.4879852125693161,0.6079136690647482,0.5046210720887245,0.6199040767386091
input_response_data_unsloth_Qwen3-4B_misconception_rewrite-20_cleaned.jsonl,0.6284658040665434,0.7158273381294964,0.6506469500924215,0.7326139088729017
input_response_data_unsloth_Qwen3-4B_misconception_rewrite-40_cleaned.jsonl,0.5341959334565619,0.6294964028776978,0.5452865064695009,0.6402877697841727
input_response_data_unsloth_Qwen3-4B_misconception_rewrite-60_cleaned.jsonl,0.5175600739371534,0.6139088729016786,0.5304990757855823,0.6270983213429256
input_response_data_unsloth_Qwen3-4B_misconception_rewrite-80_cleaned.jsonl,0.5378927911275416,0.6414868105515588,0.55637707948244,0.657074340527578
