Filename,Strict Prompt Acc,Strict Instr Acc,Loose Prompt Acc,Loose Instr Acc
input_response_data_unsloth_Qwen3-4B_naive-20_cleaned.jsonl,0.6765249537892791,0.7529976019184652,0.6931608133086876,0.7673860911270983
input_response_data_unsloth_Qwen3-4B_naive-40_cleaned.jsonl,0.6857670979667283,0.7709832134292566,0.6987060998151571,0.7829736211031175
input_response_data_unsloth_Qwen3-4B_naive-60_cleaned.jsonl,0.6081330868761553,0.7002398081534772,0.6192236598890942,0.709832134292566
input_response_data_unsloth_Qwen3-4B_naive-80_cleaned.jsonl,0.5767097966728281,0.6750599520383693,0.5841035120147874,0.6798561151079137
input_response_data_unsloth_Qwen3-4B_naive-100_cleaned.jsonl,0.6062846580406654,0.697841726618705,0.6210720887245841,0.7086330935251799
input_response_data_unsloth_Qwen3-4B_naive-120_cleaned.jsonl,0.589648798521257,0.6834532374100719,0.6025878003696857,0.6954436450839329
input_response_data_unsloth_Qwen3-4B_naive-140_cleaned.jsonl,0.5526802218114603,0.6594724220623501,0.5656192236598891,0.670263788968825
input_response_data_unsloth_Qwen3-4B_naive-159_cleaned.jsonl,0.5471349353049908,0.6534772182254197,0.5600739371534196,0.6666666666666666
