Filename,Strict Prompt Acc,Strict Instr Acc,Loose Prompt Acc,Loose Instr Acc
input_response_data_unsloth_Qwen3-4B_paraphrase-200_cleaned.jsonl,0.5064695009242144,0.617505995203837,0.5249537892791127,0.6330935251798561
input_response_data_unsloth_Qwen3-4B_paraphrase-400_cleaned.jsonl,0.5415896487985212,0.6606714628297362,0.5526802218114603,0.670263788968825
input_response_data_unsloth_Qwen3-4B_paraphrase-600_cleaned.jsonl,0.48428835489833644,0.5935251798561151,0.4953789279112754,0.6031175059952039
input_response_data_unsloth_Qwen3-4B_paraphrase-800_cleaned.jsonl,0.4787430683918669,0.6151079136690647,0.4953789279112754,0.6282973621103117
input_response_data_unsloth_Qwen3-4B_paraphrase-1000_cleaned.jsonl,0.5009242144177449,0.6223021582733813,0.512014787430684,0.63189448441247
input_response_data_unsloth_Qwen3-4B_paraphrase-1200_cleaned.jsonl,0.5397412199630314,0.6378896882494005,0.5508317929759704,0.6474820143884892
input_response_data_unsloth_Qwen3-4B_paraphrase-1400_cleaned.jsonl,0.5397412199630314,0.6474820143884892,0.5508317929759704,0.6594724220623501
input_response_data_unsloth_Qwen3-4B_paraphrase-1584_cleaned.jsonl,0.5341959334565619,0.6378896882494005,0.5489833641404805,0.6498800959232613
