Filename,Strict Prompt Acc,Strict Instr Acc,Loose Prompt Acc,Loose Instr Acc
input_response_data_unsloth_Qwen3-4B_qa-1000_cleaned.jsonl,0.800369685767098,0.8597122302158273,0.8170055452865065,0.8717026378896883
input_response_data_unsloth_Qwen3-4B_qa-1200_cleaned.jsonl,0.7818853974121996,0.8405275779376499,0.8059149722735675,0.8585131894484412
input_response_data_unsloth_Qwen3-4B_qa-1400_cleaned.jsonl,0.7763401109057301,0.8453237410071942,0.8040665434380776,0.8645083932853717
input_response_data_unsloth_Qwen3-4B_qa-1584_cleaned.jsonl,0.8077634011090573,0.8645083932853717,0.8299445471349353,0.8788968824940048
input_response_data_unsloth_Qwen3-4B_qa-200_cleaned.jsonl,0.7911275415896488,0.8513189448441247,0.8114602587800369,0.86810551558753
input_response_data_unsloth_Qwen3-4B_qa-400_cleaned.jsonl,0.8059149722735675,0.8657074340527577,0.8243992606284658,0.8800959232613909
input_response_data_unsloth_Qwen3-4B_qa-600_cleaned.jsonl,0.800369685767098,0.8621103117505995,0.8207024029574861,0.8764988009592326
input_response_data_unsloth_Qwen3-4B_qa-800_cleaned.jsonl,0.7781885397412199,0.8465227817745803,0.8040665434380776,0.8621103117505995
